,AA,gene,Lineage,Type,REF,pos,704,705,707,708,709,710,711,779,876,922
0,c100u,5' UTR,P.2- Rio de jeneiro,Non  ORF sub,C,100,"a:0.0,c:97.44,g:2.56,t:0.0,n:0.0","a:0.65,c:97.73,g:0.0,t:1.62,n:0.0","a:0.0,c:98.78,g:0.0,t:1.22,n:0.0","a:1.1,c:98.9,g:0.0,t:0.0,n:0.0","a:0.0,c:100.0,g:0.0,t:0.0,n:0.0","a:0.0,c:100.0,g:0.0,t:0.0,n:0.0","a:0.0,c:100.0,g:0.0,t:0.0,n:0.0","a:1.42,c:98.58,g:0.0,t:0.0,n:0.0","a:0.0,c:100.0,g:0.0,t:0.0,n:0.0","a:0.0,c:100.0,g:0.0,t:0.0,n:0.0"
1,156,ORF1,P.1 - Manaus,Synonymous,T,733,"a:0.0,c:0.66,g:0.66,t:98.68,n:0.0","a:0.09,c:0.42,g:0.65,t:98.84,n:0.0","a:0.47,c:0.0,g:0.47,t:99.07,n:0.0","a:0.4,c:0.49,g:0.7,t:98.41,n:0.0","a:0.14,c:0.56,g:0.42,t:98.61,n:0.28","a:0.43,c:0.87,g:0.87,t:97.84,n:0.0","a:0.0,c:0.0,g:0.66,t:99.34,n:0.0","a:0.0,c:0.52,g:1.18,t:98.3,n:0.0","a:0.0,c:1.11,g:2.22,t:96.67,n:0.0","a:0.0,c:0.77,g:0.77,t:98.46,n:0.0"
2,T265I,ORF1,B.1.351 - SA,non -Synonymous,C,1059,"a:0.0,c:44.83,g:0.0,t:55.17,n:0.0","a:0.97,c:5.84,g:0.0,t:93.18,n:0.0","a:0.0,c:3.36,g:0.0,t:96.64,n:0.0","a:0.81,c:93.35,g:0.0,t:5.85,n:0.0","a:0.12,c:78.98,g:15.47,t:5.43,n:0.0","a:0.56,c:90.45,g:0.0,t:8.99,n:0.0","a:4.17,c:50.0,g:0.0,t:45.83,n:0.0","a:0.0,c:84.72,g:0.0,t:15.28,n:0.0","a:0.0,c:16.67,g:0.0,t:83.33,n:0.0","a:0.0,c:84.38,g:0.0,t:15.62,n:0.0"
3,828,ORF1,P.1 - Manaus,Synonymous,C,2749,"a:10.0,c:80.0,g:0.0,t:10.0,n:0.0","a:2.65,c:96.46,g:0.0,t:0.88,n:0.0","a:0.0,c:100.0,g:0.0,t:0.0,n:0.0","a:1.2,c:97.6,g:0.6,t:0.6,n:0.0","a:0.0,c:99.12,g:0.0,t:0.88,n:0.0","a:0.0,c:100.0,g:0.0,t:0.0,n:0.0","a:0.0,c:90.91,g:0.0,t:9.09,n:0.0","a:2.38,c:97.62,g:0.0,t:0.0,n:0.0","a:0.0,c:100.0,g:0.0,t:0.0,n:0.0","a:0.0,c:91.67,g:0.0,t:8.33,n:0.0"
4,T1001I,ORF1,B.1.1.7 - UK,non -Synonymous,C,3267,"a:2.13,c:97.87,g:0.0,t:0.0,n:0.0","a:0.25,c:99.24,g:0.0,t:0.51,n:0.0","a:0.0,c:100.0,g:0.0,t:0.0,n:0.0","a:0.49,c:98.78,g:0.0,t:0.61,n:0.12","a:0.0,c:98.63,g:0.0,t:1.03,n:0.34","a:0.62,c:98.13,g:0.0,t:1.25,n:0.0","a:4.35,c:91.3,g:0.0,t:4.35,n:0.0","a:0.0,c:19.3,g:0.0,t:80.7,n:0.0","a:0.0,c:100.0,g:0.0,t:0.0,n:0.0","a:0.0,c:100.0,g:0.0,t:0.0,n:0.0"
5,S1188L,ORF1,P.1 - Manaus,non -Synonymous,C,3828,"a:0.7,c:96.5,g:0.7,t:2.1,n:0.0","a:0.55,c:99.17,g:0.0,t:0.28,n:0.0","a:0.58,c:98.84,g:0.29,t:0.29,n:0.0","a:0.64,c:99.1,g:0.0,t:0.26,n:0.0","a:0.34,c:99.66,g:0.0,t:0.0,n:0.0","a:0.61,c:99.01,g:0.08,t:0.3,n:0.0","a:0.0,c:100.0,g:0.0,t:0.0,n:0.0","a:0.31,c:99.21,g:0.0,t:0.31,n:0.16","a:0.0,c:98.39,g:0.81,t:0.81,n:0.0","a:0.85,c:99.15,g:0.0,t:0.0,n:0.0"
6,K1655N,ORF1,B.1.351 - SA,non -Synonymous,G,5230,"a:0.0,c:0.0,g:99.78,t:0.22,n:0.0","a:0.0,c:0.0,g:99.64,t:0.36,n:0.0","a:0.0,c:0.0,g:99.1,t:0.9,n:0.0","a:0.0,c:0.0,g:100.0,t:0.0,n:0.0","a:0.14,c:0.0,g:99.57,t:0.29,n:0.0","a:0.0,c:0.0,g:99.5,t:0.5,n:0.0","a:0.1,c:0.0,g:99.07,t:0.82,n:0.0","a:0.0,c:0.14,g:99.36,t:0.5,n:0.0","a:0.0,c:0.0,g:99.61,t:0.39,n:0.0","a:0.0,c:0.0,g:99.62,t:0.38,n:0.0"
7,A1708D,ORF1,B.1.1.7 - UK,non -Synonymous,C,5388,"a:0.0,c:100.0,g:0.0,t:0.0,n:0.0","a:2.63,c:92.11,g:0.0,t:5.26,n:0.0","a:0.0,c:100.0,g:0.0,t:0.0,n:0.0","a:0.0,c:97.78,g:0.0,t:2.22,n:0.0","a:7.69,c:76.92,g:0.0,t:0.0,n:15.38","a:0.0,c:100.0,g:0.0,t:0.0,n:0.0","a:0.0,c:100.0,g:0.0,t:0.0,n:0.0","a:75.68,c:24.32,g:0.0,t:0.0,n:0.0","a:14.29,c:85.71,g:0.0,t:0.0,n:0.0","a:0.0,c:100.0,g:0.0,t:0.0,n:0.0"
8,K1795Q,ORF1,P.1 - Manaus,non -Synonymous,A,5648,"a:97.14,c:2.86,g:0.0,t:0.0,n:0.0","a:98.02,c:1.26,g:0.18,t:0.54,n:0.0","a:100.0,c:0.0,g:0.0,t:0.0,n:0.0","a:98.89,c:0.81,g:0.2,t:0.1,n:0.0","a:98.0,c:0.8,g:0.4,t:0.4,n:0.4","a:98.61,c:1.11,g:0.0,t:0.28,n:0.0","a:96.0,c:0.0,g:0.0,t:4.0,n:0.0","a:99.43,c:0.0,g:0.0,t:0.57,n:0.0","a:95.0,c:5.0,g:0.0,t:0.0,n:0.0","a:100.0,c:0.0,g:0.0,t:0.0,n:0.0"
9,I2230T,ORF1,B.1.1.7 - UK,non -Synonymous,T,6954,None,None,"a:0.0,c:0.0,g:0.0,t:100.0,n:0.0","a:100.0,c:0.0,g:0.0,t:0.0,n:0.0","a:0.0,c:0.0,g:0.0,t:100.0,n:0.0","a:0.0,c:0.0,g:0.0,t:100.0,n:0.0",None,None,None,None
10,K3353R,ORF1,B.1.351 - SA,non -Synonymous,A,10323,"a:97.87,c:2.13,g:0.0,t:0.0,n:0.0","a:95.47,c:0.87,g:0.35,t:1.22,n:2.09","a:95.08,c:1.23,g:0.41,t:1.64,n:1.64","a:94.71,c:1.32,g:0.15,t:2.06,n:1.76","a:96.68,c:1.03,g:0.11,t:0.34,n:1.83","a:96.53,c:1.04,g:0.0,t:1.04,n:1.39","a:95.0,c:2.5,g:0.0,t:0.0,n:2.5","a:99.04,c:0.96,g:0.0,t:0.0,n:0.0","a:100.0,c:0.0,g:0.0,t:0.0,n:0.0","a:96.67,c:0.0,g:1.67,t:1.67,n:0.0"
11,sgf3675-3677 ,ORF1,B.1.1.7 - UK,Deletion,T,11288,"a:0.43,c:0.43,g:1.74,t:97.39,n:0.0","a:0.15,c:0.31,g:0.38,t:99.0,n:0.15","a:0.37,c:0.0,g:0.37,t:99.26,n:0.0","a:0.05,c:0.23,g:0.72,t:99.01,n:0.0","a:0.0,c:0.21,g:0.07,t:99.72,n:0.0","a:0.0,c:0.31,g:0.31,t:99.38,n:0.0","a:0.0,c:0.0,g:3.57,t:96.43,n:0.0","a:0.72,c:0.0,g:0.0,t:99.28,n:0.0","a:0.0,c:0.0,g:0.8,t:99.2,n:0.0","a:0.0,c:0.53,g:0.0,t:99.47,n:0.0"
12,sgf3675-3677 ,ORF1,B.1.1.7 - UK,Deletion,C,11289,"a:1.72,c:96.55,g:0.86,t:0.86,n:0.0","a:0.08,c:99.46,g:0.0,t:0.31,n:0.15","a:0.37,c:98.52,g:0.0,t:1.11,n:0.0","a:0.31,c:99.21,g:0.04,t:0.44,n:0.0","a:0.07,c:99.66,g:0.07,t:0.21,n:0.0","a:0.23,c:99.54,g:0.0,t:0.23,n:0.0","a:0.0,c:100.0,g:0.0,t:0.0,n:0.0","a:0.7,c:99.3,g:0.0,t:0.0,n:0.0","a:0.0,c:98.4,g:0.0,t:1.6,n:0.0","a:0.0,c:98.4,g:0.53,t:1.06,n:0.0"
13,sgf3675-3677 ,ORF1,B.1.1.7 - UK,Deletion,T,11290,"a:0.0,c:0.0,g:5.51,t:94.49,n:0.0","a:0.0,c:0.31,g:4.91,t:94.78,n:0.0","a:0.0,c:0.0,g:5.19,t:94.81,n:0.0","a:0.0,c:0.09,g:4.16,t:95.75,n:0.0","a:0.07,c:0.34,g:3.23,t:96.35,n:0.0","a:0.0,c:0.15,g:4.35,t:95.49,n:0.0","a:0.0,c:0.0,g:7.14,t:92.86,n:0.0","a:0.0,c:0.0,g:4.23,t:95.77,n:0.0","a:0.0,c:0.0,g:4.0,t:96.0,n:0.0","a:0.0,c:0.0,g:5.24,t:94.76,n:0.0"
14,sgf3675-3677 ,ORF1,B.1.1.7 - UK,Deletion,G,11291,"a:0.0,c:0.0,g:97.47,t:2.53,n:0.0","a:0.15,c:0.0,g:97.93,t:1.84,n:0.08","a:0.0,c:0.0,g:98.89,t:1.11,n:0.0","a:0.22,c:0.04,g:98.73,t:1.01,n:0.0","a:0.0,c:0.0,g:99.11,t:0.89,n:0.0","a:0.08,c:0.0,g:99.08,t:0.84,n:0.0","a:0.0,c:0.0,g:96.43,t:3.57,n:0.0","a:0.0,c:0.0,g:95.83,t:4.17,n:0.0","a:0.0,c:0.0,g:99.2,t:0.8,n:0.0","a:0.0,c:0.0,g:97.4,t:2.6,n:0.0"
15,sgf3675-3677 ,ORF1,B.1.1.7 - UK,Deletion,G,11292,"a:0.42,c:0.42,g:97.05,t:2.11,n:0.0","a:0.15,c:0.0,g:98.16,t:1.61,n:0.08","a:0.0,c:0.0,g:98.52,t:1.48,n:0.0","a:0.13,c:0.0,g:98.65,t:1.22,n:0.0","a:0.21,c:0.0,g:99.25,t:0.55,n:0.0","a:0.15,c:0.0,g:98.7,t:1.14,n:0.0","a:0.0,c:0.0,g:100.0,t:0.0,n:0.0","a:0.68,c:0.0,g:99.32,t:0.0,n:0.0","a:0.0,c:0.0,g:97.62,t:2.38,n:0.0","a:1.04,c:0.0,g:97.41,t:1.55,n:0.0"
16,sgf3675-3677 ,ORF1,B.1.1.7 - UK,Deletion,T,11293,"a:0.0,c:0.42,g:7.11,t:92.47,n:0.0","a:0.0,c:0.15,g:9.5,t:90.34,n:0.0","a:0.0,c:0.0,g:8.86,t:91.14,n:0.0","a:0.13,c:0.09,g:6.41,t:93.37,n:0.0","a:0.0,c:0.14,g:5.45,t:94.42,n:0.0","a:0.23,c:0.3,g:7.09,t:92.38,n:0.0","a:0.0,c:0.0,g:5.26,t:94.74,n:0.0","a:0.0,c:0.0,g:12.16,t:87.84,n:0.0","a:0.0,c:0.0,g:5.56,t:94.44,n:0.0","a:0.0,c:0.0,g:6.25,t:93.75,n:0.0"
17,sgf3675-3677 ,ORF1,B.1.1.7 - UK,Deletion,T,11294,"a:0.38,c:0.0,g:2.27,t:97.35,n:0.0","a:0.07,c:0.15,g:0.52,t:99.25,n:0.0","a:0.36,c:0.0,g:1.43,t:98.21,n:0.0","a:0.04,c:0.13,g:1.11,t:98.72,n:0.0","a:0.0,c:0.0,g:0.09,t:99.91,n:0.0","a:0.15,c:0.38,g:1.35,t:98.05,n:0.08","a:0.0,c:0.0,g:3.23,t:96.77,n:0.0","a:0.0,c:0.0,g:0.6,t:99.4,n:0.0","a:0.0,c:0.0,g:0.71,t:99.29,n:0.0","a:0.0,c:0.51,g:1.02,t:98.48,n:0.0"
18,sgf3675-3677 ,ORF1,B.1.1.7 - UK,Deletion,T,11295,"a:0.0,c:0.36,g:1.82,t:97.81,n:0.0","a:0.0,c:0.15,g:0.3,t:99.55,n:0.0","a:0.0,c:0.0,g:0.0,t:100.0,n:0.0","a:0.0,c:0.04,g:0.04,t:99.92,n:0.0","a:0.0,c:0.13,g:0.03,t:99.85,n:0.0","a:0.15,c:0.0,g:0.37,t:99.48,n:0.0","a:0.0,c:0.0,g:0.0,t:100.0,n:0.0","a:0.0,c:0.0,g:0.59,t:99.41,n:0.0","a:0.0,c:0.0,g:0.0,t:100.0,n:0.0","a:0.0,c:0.0,g:1.01,t:98.99,n:0.0"
19,sgf3675-3677 ,ORF1,B.1.1.7 - UK,Deletion,T,11296,"a:0.72,c:0.72,g:1.09,t:97.46,n:0.0","a:0.07,c:0.0,g:0.22,t:99.71,n:0.0","a:0.0,c:0.0,g:0.0,t:100.0,n:0.0","a:0.04,c:0.04,g:0.25,t:99.66,n:0.0","a:0.0,c:0.01,g:0.01,t:99.97,n:0.0","a:0.0,c:0.07,g:0.15,t:99.78,n:0.0","a:0.0,c:0.0,g:0.0,t:100.0,n:0.0","a:0.0,c:0.0,g:1.78,t:98.22,n:0.0","a:0.0,c:0.0,g:0.0,t:100.0,n:0.0","a:0.0,c:0.0,g:0.0,t:100.0,n:0.0"
20,sgf3675-3677 ,ORF1,B.1.351 - SA,Deletion,T,11288,"a:0.43,c:0.43,g:1.74,t:97.39,n:0.0","a:0.15,c:0.31,g:0.38,t:99.0,n:0.15","a:0.37,c:0.0,g:0.37,t:99.26,n:0.0","a:0.05,c:0.23,g:0.72,t:99.01,n:0.0","a:0.0,c:0.21,g:0.07,t:99.72,n:0.0","a:0.0,c:0.31,g:0.31,t:99.38,n:0.0","a:0.0,c:0.0,g:3.57,t:96.43,n:0.0","a:0.72,c:0.0,g:0.0,t:99.28,n:0.0","a:0.0,c:0.0,g:0.8,t:99.2,n:0.0","a:0.0,c:0.53,g:0.0,t:99.47,n:0.0"
21,sgf3675-3677 ,ORF1,B.1.351 - SA,Deletion,C,11289,"a:1.72,c:96.55,g:0.86,t:0.86,n:0.0","a:0.08,c:99.46,g:0.0,t:0.31,n:0.15","a:0.37,c:98.52,g:0.0,t:1.11,n:0.0","a:0.31,c:99.21,g:0.04,t:0.44,n:0.0","a:0.07,c:99.66,g:0.07,t:0.21,n:0.0","a:0.23,c:99.54,g:0.0,t:0.23,n:0.0","a:0.0,c:100.0,g:0.0,t:0.0,n:0.0","a:0.7,c:99.3,g:0.0,t:0.0,n:0.0","a:0.0,c:98.4,g:0.0,t:1.6,n:0.0","a:0.0,c:98.4,g:0.53,t:1.06,n:0.0"
22,sgf3675-3677 ,ORF1,B.1.351 - SA,Deletion,T,11290,"a:0.0,c:0.0,g:5.51,t:94.49,n:0.0","a:0.0,c:0.31,g:4.91,t:94.78,n:0.0","a:0.0,c:0.0,g:5.19,t:94.81,n:0.0","a:0.0,c:0.09,g:4.16,t:95.75,n:0.0","a:0.07,c:0.34,g:3.23,t:96.35,n:0.0","a:0.0,c:0.15,g:4.35,t:95.49,n:0.0","a:0.0,c:0.0,g:7.14,t:92.86,n:0.0","a:0.0,c:0.0,g:4.23,t:95.77,n:0.0","a:0.0,c:0.0,g:4.0,t:96.0,n:0.0","a:0.0,c:0.0,g:5.24,t:94.76,n:0.0"
23,sgf3675-3677 ,ORF1,B.1.351 - SA,Deletion,G,11291,"a:0.0,c:0.0,g:97.47,t:2.53,n:0.0","a:0.15,c:0.0,g:97.93,t:1.84,n:0.08","a:0.0,c:0.0,g:98.89,t:1.11,n:0.0","a:0.22,c:0.04,g:98.73,t:1.01,n:0.0","a:0.0,c:0.0,g:99.11,t:0.89,n:0.0","a:0.08,c:0.0,g:99.08,t:0.84,n:0.0","a:0.0,c:0.0,g:96.43,t:3.57,n:0.0","a:0.0,c:0.0,g:95.83,t:4.17,n:0.0","a:0.0,c:0.0,g:99.2,t:0.8,n:0.0","a:0.0,c:0.0,g:97.4,t:2.6,n:0.0"
24,sgf3675-3677 ,ORF1,B.1.351 - SA,Deletion,G,11292,"a:0.42,c:0.42,g:97.05,t:2.11,n:0.0","a:0.15,c:0.0,g:98.16,t:1.61,n:0.08","a:0.0,c:0.0,g:98.52,t:1.48,n:0.0","a:0.13,c:0.0,g:98.65,t:1.22,n:0.0","a:0.21,c:0.0,g:99.25,t:0.55,n:0.0","a:0.15,c:0.0,g:98.7,t:1.14,n:0.0","a:0.0,c:0.0,g:100.0,t:0.0,n:0.0","a:0.68,c:0.0,g:99.32,t:0.0,n:0.0","a:0.0,c:0.0,g:97.62,t:2.38,n:0.0","a:1.04,c:0.0,g:97.41,t:1.55,n:0.0"
25,sgf3675-3677 ,ORF1,B.1.351 - SA,Deletion,T,11293,"a:0.0,c:0.42,g:7.11,t:92.47,n:0.0","a:0.0,c:0.15,g:9.5,t:90.34,n:0.0","a:0.0,c:0.0,g:8.86,t:91.14,n:0.0","a:0.13,c:0.09,g:6.41,t:93.37,n:0.0","a:0.0,c:0.14,g:5.45,t:94.42,n:0.0","a:0.23,c:0.3,g:7.09,t:92.38,n:0.0","a:0.0,c:0.0,g:5.26,t:94.74,n:0.0","a:0.0,c:0.0,g:12.16,t:87.84,n:0.0","a:0.0,c:0.0,g:5.56,t:94.44,n:0.0","a:0.0,c:0.0,g:6.25,t:93.75,n:0.0"
26,sgf3675-3677 ,ORF1,B.1.351 - SA,Deletion,T,11294,"a:0.38,c:0.0,g:2.27,t:97.35,n:0.0","a:0.07,c:0.15,g:0.52,t:99.25,n:0.0","a:0.36,c:0.0,g:1.43,t:98.21,n:0.0","a:0.04,c:0.13,g:1.11,t:98.72,n:0.0","a:0.0,c:0.0,g:0.09,t:99.91,n:0.0","a:0.15,c:0.38,g:1.35,t:98.05,n:0.08","a:0.0,c:0.0,g:3.23,t:96.77,n:0.0","a:0.0,c:0.0,g:0.6,t:99.4,n:0.0","a:0.0,c:0.0,g:0.71,t:99.29,n:0.0","a:0.0,c:0.51,g:1.02,t:98.48,n:0.0"
27,sgf3675-3677 ,ORF1,B.1.351 - SA,Deletion,T,11295,"a:0.0,c:0.36,g:1.82,t:97.81,n:0.0","a:0.0,c:0.15,g:0.3,t:99.55,n:0.0","a:0.0,c:0.0,g:0.0,t:100.0,n:0.0","a:0.0,c:0.04,g:0.04,t:99.92,n:0.0","a:0.0,c:0.13,g:0.03,t:99.85,n:0.0","a:0.15,c:0.0,g:0.37,t:99.48,n:0.0","a:0.0,c:0.0,g:0.0,t:100.0,n:0.0","a:0.0,c:0.0,g:0.59,t:99.41,n:0.0","a:0.0,c:0.0,g:0.0,t:100.0,n:0.0","a:0.0,c:0.0,g:1.01,t:98.99,n:0.0"
28,sgf3675-3677 ,ORF1,B.1.351 - SA,Deletion,T,11296,"a:0.72,c:0.72,g:1.09,t:97.46,n:0.0","a:0.07,c:0.0,g:0.22,t:99.71,n:0.0","a:0.0,c:0.0,g:0.0,t:100.0,n:0.0","a:0.04,c:0.04,g:0.25,t:99.66,n:0.0","a:0.0,c:0.01,g:0.01,t:99.97,n:0.0","a:0.0,c:0.07,g:0.15,t:99.78,n:0.0","a:0.0,c:0.0,g:0.0,t:100.0,n:0.0","a:0.0,c:0.0,g:1.78,t:98.22,n:0.0","a:0.0,c:0.0,g:0.0,t:100.0,n:0.0","a:0.0,c:0.0,g:0.0,t:100.0,n:0.0"
29,sgf3675-3677 ,ORF1,P.1 - Manaus,Deletion,T,11288,"a:0.43,c:0.43,g:1.74,t:97.39,n:0.0","a:0.15,c:0.31,g:0.38,t:99.0,n:0.15","a:0.37,c:0.0,g:0.37,t:99.26,n:0.0","a:0.05,c:0.23,g:0.72,t:99.01,n:0.0","a:0.0,c:0.21,g:0.07,t:99.72,n:0.0","a:0.0,c:0.31,g:0.31,t:99.38,n:0.0","a:0.0,c:0.0,g:3.57,t:96.43,n:0.0","a:0.72,c:0.0,g:0.0,t:99.28,n:0.0","a:0.0,c:0.0,g:0.8,t:99.2,n:0.0","a:0.0,c:0.53,g:0.0,t:99.47,n:0.0"
30,sgf3675-3677 ,ORF1,P.1 - Manaus,Deletion,C,11289,"a:1.72,c:96.55,g:0.86,t:0.86,n:0.0","a:0.08,c:99.46,g:0.0,t:0.31,n:0.15","a:0.37,c:98.52,g:0.0,t:1.11,n:0.0","a:0.31,c:99.21,g:0.04,t:0.44,n:0.0","a:0.07,c:99.66,g:0.07,t:0.21,n:0.0","a:0.23,c:99.54,g:0.0,t:0.23,n:0.0","a:0.0,c:100.0,g:0.0,t:0.0,n:0.0","a:0.7,c:99.3,g:0.0,t:0.0,n:0.0","a:0.0,c:98.4,g:0.0,t:1.6,n:0.0","a:0.0,c:98.4,g:0.53,t:1.06,n:0.0"
31,sgf3675-3677 ,ORF1,P.1 - Manaus,Deletion,T,11290,"a:0.0,c:0.0,g:5.51,t:94.49,n:0.0","a:0.0,c:0.31,g:4.91,t:94.78,n:0.0","a:0.0,c:0.0,g:5.19,t:94.81,n:0.0","a:0.0,c:0.09,g:4.16,t:95.75,n:0.0","a:0.07,c:0.34,g:3.23,t:96.35,n:0.0","a:0.0,c:0.15,g:4.35,t:95.49,n:0.0","a:0.0,c:0.0,g:7.14,t:92.86,n:0.0","a:0.0,c:0.0,g:4.23,t:95.77,n:0.0","a:0.0,c:0.0,g:4.0,t:96.0,n:0.0","a:0.0,c:0.0,g:5.24,t:94.76,n:0.0"
32,sgf3675-3677 ,ORF1,P.1 - Manaus,Deletion,G,11291,"a:0.0,c:0.0,g:97.47,t:2.53,n:0.0","a:0.15,c:0.0,g:97.93,t:1.84,n:0.08","a:0.0,c:0.0,g:98.89,t:1.11,n:0.0","a:0.22,c:0.04,g:98.73,t:1.01,n:0.0","a:0.0,c:0.0,g:99.11,t:0.89,n:0.0","a:0.08,c:0.0,g:99.08,t:0.84,n:0.0","a:0.0,c:0.0,g:96.43,t:3.57,n:0.0","a:0.0,c:0.0,g:95.83,t:4.17,n:0.0","a:0.0,c:0.0,g:99.2,t:0.8,n:0.0","a:0.0,c:0.0,g:97.4,t:2.6,n:0.0"
33,sgf3675-3677 ,ORF1,P.1 - Manaus,Deletion,G,11292,"a:0.42,c:0.42,g:97.05,t:2.11,n:0.0","a:0.15,c:0.0,g:98.16,t:1.61,n:0.08","a:0.0,c:0.0,g:98.52,t:1.48,n:0.0","a:0.13,c:0.0,g:98.65,t:1.22,n:0.0","a:0.21,c:0.0,g:99.25,t:0.55,n:0.0","a:0.15,c:0.0,g:98.7,t:1.14,n:0.0","a:0.0,c:0.0,g:100.0,t:0.0,n:0.0","a:0.68,c:0.0,g:99.32,t:0.0,n:0.0","a:0.0,c:0.0,g:97.62,t:2.38,n:0.0","a:1.04,c:0.0,g:97.41,t:1.55,n:0.0"
34,sgf3675-3677 ,ORF1,P.1 - Manaus,Deletion,T,11293,"a:0.0,c:0.42,g:7.11,t:92.47,n:0.0","a:0.0,c:0.15,g:9.5,t:90.34,n:0.0","a:0.0,c:0.0,g:8.86,t:91.14,n:0.0","a:0.13,c:0.09,g:6.41,t:93.37,n:0.0","a:0.0,c:0.14,g:5.45,t:94.42,n:0.0","a:0.23,c:0.3,g:7.09,t:92.38,n:0.0","a:0.0,c:0.0,g:5.26,t:94.74,n:0.0","a:0.0,c:0.0,g:12.16,t:87.84,n:0.0","a:0.0,c:0.0,g:5.56,t:94.44,n:0.0","a:0.0,c:0.0,g:6.25,t:93.75,n:0.0"
35,sgf3675-3677 ,ORF1,P.1 - Manaus,Deletion,T,11294,"a:0.38,c:0.0,g:2.27,t:97.35,n:0.0","a:0.07,c:0.15,g:0.52,t:99.25,n:0.0","a:0.36,c:0.0,g:1.43,t:98.21,n:0.0","a:0.04,c:0.13,g:1.11,t:98.72,n:0.0","a:0.0,c:0.0,g:0.09,t:99.91,n:0.0","a:0.15,c:0.38,g:1.35,t:98.05,n:0.08","a:0.0,c:0.0,g:3.23,t:96.77,n:0.0","a:0.0,c:0.0,g:0.6,t:99.4,n:0.0","a:0.0,c:0.0,g:0.71,t:99.29,n:0.0","a:0.0,c:0.51,g:1.02,t:98.48,n:0.0"
36,sgf3675-3677 ,ORF1,P.1 - Manaus,Deletion,T,11295,"a:0.0,c:0.36,g:1.82,t:97.81,n:0.0","a:0.0,c:0.15,g:0.3,t:99.55,n:0.0","a:0.0,c:0.0,g:0.0,t:100.0,n:0.0","a:0.0,c:0.04,g:0.04,t:99.92,n:0.0","a:0.0,c:0.13,g:0.03,t:99.85,n:0.0","a:0.15,c:0.0,g:0.37,t:99.48,n:0.0","a:0.0,c:0.0,g:0.0,t:100.0,n:0.0","a:0.0,c:0.0,g:0.59,t:99.41,n:0.0","a:0.0,c:0.0,g:0.0,t:100.0,n:0.0","a:0.0,c:0.0,g:1.01,t:98.99,n:0.0"
37,sgf3675-3677 ,ORF1,P.1 - Manaus,Deletion,T,11296,"a:0.72,c:0.72,g:1.09,t:97.46,n:0.0","a:0.07,c:0.0,g:0.22,t:99.71,n:0.0","a:0.0,c:0.0,g:0.0,t:100.0,n:0.0","a:0.04,c:0.04,g:0.25,t:99.66,n:0.0","a:0.0,c:0.01,g:0.01,t:99.97,n:0.0","a:0.0,c:0.07,g:0.15,t:99.78,n:0.0","a:0.0,c:0.0,g:0.0,t:100.0,n:0.0","a:0.0,c:0.0,g:1.78,t:98.22,n:0.0","a:0.0,c:0.0,g:0.0,t:100.0,n:0.0","a:0.0,c:0.0,g:0.0,t:100.0,n:0.0"
38,4171,ORF1,P.1 - Manaus,Synonymous,C,12778,"a:0.47,c:99.29,g:0.24,t:0.0,n:0.0","a:0.18,c:99.55,g:0.0,t:0.27,n:0.0","a:0.5,c:99.33,g:0.0,t:0.17,n:0.0","a:0.27,c:99.07,g:0.11,t:0.44,n:0.11","a:0.15,c:99.69,g:0.01,t:0.07,n:0.07","a:0.18,c:99.27,g:0.0,t:0.55,n:0.0","a:0.0,c:100.0,g:0.0,t:0.0,n:0.0","a:0.21,c:99.36,g:0.21,t:0.0,n:0.21","a:0.0,c:100.0,g:0.0,t:0.0,n:0.0","a:0.0,c:99.57,g:0.0,t:0.43,n:0.0"
39,I4205V,ORF1,B.1.429- California,non -Synonymous,A,12878,"a:100.0,c:0.0,g:0.0,t:0.0,n:0.0","a:98.73,c:0.64,g:0.0,t:0.64,n:0.0","a:100.0,c:0.0,g:0.0,t:0.0,n:0.0","a:99.58,c:0.0,g:0.0,t:0.42,n:0.0","a:100.0,c:0.0,g:0.0,t:0.0,n:0.0","a:97.81,c:1.46,g:0.0,t:0.73,n:0.0","a:100.0,c:0.0,g:0.0,t:0.0,n:0.0","a:94.59,c:4.05,g:0.0,t:1.35,n:0.0","a:100.0,c:0.0,g:0.0,t:0.0,n:0.0","a:100.0,c:0.0,g:0.0,t:0.0,n:0.0"
40,131,ORF1,P.1 - Manaus,Synonymous,C,13860,"a:46.43,c:46.43,g:0.0,t:0.0,n:7.14","a:49.54,c:41.28,g:0.0,t:0.46,n:8.72","a:63.33,c:25.0,g:0.0,t:0.0,n:11.67","a:43.83,c:42.55,g:0.0,t:0.0,n:13.62","a:26.51,c:62.25,g:0.0,t:0.0,n:11.24","a:40.5,c:43.8,g:0.0,t:0.0,n:15.7","a:50.0,c:37.5,g:0.0,t:0.0,n:12.5","a:64.1,c:30.77,g:0.0,t:0.0,n:5.13","a:57.14,c:28.57,g:0.0,t:0.0,n:14.29","a:35.29,c:58.82,g:0.0,t:0.0,n:5.88"
41,D1183Y,ORF1,B.1.429- California,non -Synonymous,G,17014,"a:0.0,c:0.0,g:100.0,t:0.0,n:0.0","a:0.0,c:0.0,g:100.0,t:0.0,n:0.0","a:0.0,c:0.0,g:100.0,t:0.0,n:0.0","a:0.0,c:0.0,g:100.0,t:0.0,n:0.0","a:0.18,c:0.0,g:99.64,t:0.18,n:0.0","a:0.0,c:0.0,g:100.0,t:0.0,n:0.0","a:0.0,c:0.0,g:100.0,t:0.0,n:0.0","a:0.0,c:0.0,g:100.0,t:0.0,n:0.0","a:0.0,c:0.0,g:100.0,t:0.0,n:0.0","a:0.0,c:0.0,g:100.0,t:0.0,n:0.0"
42,E1264D,ORF1,P.1 - Manaus,Synonymous,G,17259,"a:2.22,c:0.0,g:77.04,t:17.78,n:2.96","a:1.07,c:0.23,g:77.69,t:19.1,n:1.91","a:1.24,c:0.0,g:78.26,t:19.05,n:1.45","a:0.98,c:0.4,g:74.66,t:21.9,n:2.06","a:0.18,c:0.37,g:79.67,t:18.11,n:1.66","a:1.45,c:0.43,g:77.86,t:18.8,n:1.45","a:0.0,c:0.0,g:79.07,t:17.44,n:3.49","a:0.73,c:0.0,g:77.66,t:19.27,n:2.34","a:2.82,c:2.82,g:71.83,t:16.9,n:5.63","a:0.97,c:0.32,g:77.74,t:19.03,n:1.94"
43,T2163I,ORF1,Mink cluster 5,non -Synonymous,C,19955,"a:0.0,c:100.0,g:0.0,t:0.0,n:0.0","a:1.11,c:98.67,g:0.0,t:0.22,n:0.0","a:2.48,c:97.52,g:0.0,t:0.0,n:0.0","a:0.48,c:99.36,g:0.0,t:0.16,n:0.0","a:0.29,c:98.97,g:0.07,t:0.22,n:0.44","a:1.04,c:98.44,g:0.0,t:0.52,n:0.0","a:0.0,c:100.0,g:0.0,t:0.0,n:0.0","a:0.79,c:99.21,g:0.0,t:0.0,n:0.0","a:0.0,c:100.0,g:0.0,t:0.0,n:0.0","a:2.63,c:97.37,g:0.0,t:0.0,n:0.0"
44,S13I,S,B.1.429- California,non -Synonymous,G,21600,"a:0.0,c:0.0,g:100.0,t:0.0,n:0.0","a:0.0,c:0.0,g:98.49,t:1.51,n:0.0","a:1.25,c:0.0,g:98.75,t:0.0,n:0.0","a:0.43,c:0.0,g:99.23,t:0.34,n:0.0","a:0.07,c:0.0,g:99.37,t:0.56,n:0.0","a:0.0,c:0.0,g:98.94,t:1.06,n:0.0","a:0.0,c:0.0,g:99.68,t:0.32,n:0.0","a:3.07,c:0.24,g:95.51,t:1.18,n:0.0","a:0.0,c:0.0,g:100.0,t:0.0,n:0.0","a:0.0,c:1.49,g:97.76,t:0.75,n:0.0"
45,L18F,S,P.1 - Manaus,non -Synonymous,C,21614,"a:1.37,c:98.63,g:0.0,t:0.0,n:0.0","a:0.3,c:99.39,g:0.0,t:0.3,n:0.0","a:1.25,c:97.5,g:0.0,t:1.25,n:0.0","a:0.34,c:99.15,g:0.0,t:0.42,n:0.08","a:0.48,c:99.11,g:0.0,t:0.41,n:0.0","a:0.53,c:99.47,g:0.0,t:0.0,n:0.0","a:0.31,c:99.69,g:0.0,t:0.0,n:0.0","a:0.0,c:99.52,g:0.0,t:0.48,n:0.0","a:0.0,c:100.0,g:0.0,t:0.0,n:0.0","a:0.76,c:98.47,g:0.0,t:0.76,n:0.0"
46,T20N,S,P.1 - Manaus,non -Synonymous,C,21621,"a:2.44,c:92.68,g:0.0,t:1.22,n:3.66","a:0.86,c:96.26,g:0.0,t:0.86,n:2.01","a:1.11,c:92.22,g:0.0,t:0.0,n:6.67","a:0.56,c:96.81,g:0.16,t:0.32,n:2.15","a:0.39,c:97.22,g:0.06,t:0.32,n:2.0","a:0.0,c:95.12,g:0.49,t:0.0,n:4.39","a:0.89,c:96.45,g:0.0,t:0.59,n:2.07","a:0.66,c:96.03,g:0.0,t:0.0,n:3.31","a:0.0,c:94.23,g:0.0,t:1.92,n:3.85","a:0.0,c:97.24,g:0.0,t:0.69,n:2.07"
47,P26S,S,P.1 - Manaus,non -Synonymous,C,21638,"a:0.61,c:98.79,g:0.0,t:0.61,n:0.0","a:0.0,c:99.74,g:0.0,t:0.13,n:0.13","a:0.0,c:100.0,g:0.0,t:0.0,n:0.0","a:0.16,c:99.76,g:0.0,t:0.08,n:0.0","a:0.03,c:99.87,g:0.06,t:0.0,n:0.03","a:0.0,c:99.47,g:0.0,t:0.53,n:0.0","a:0.0,c:99.69,g:0.0,t:0.31,n:0.0","a:0.11,c:99.89,g:0.0,t:0.0,n:0.0","a:0.0,c:99.02,g:0.0,t:0.98,n:0.0","a:0.0,c:99.7,g:0.0,t:0.3,n:0.0"
48,hv69-70,S,B.1.1.7 - UK,Deletion,T,21765,"a:0.0,c:0.0,g:0.0,t:100.0,n:0.0","a:0.38,c:0.0,g:0.19,t:99.43,n:0.0","a:0.2,c:0.1,g:0.1,t:99.6,n:0.0","a:0.14,c:0.11,g:0.14,t:99.55,n:0.06","a:0.17,c:0.2,g:0.12,t:99.51,n:0.0","a:0.31,c:0.12,g:0.06,t:99.51,n:0.0","a:0.0,c:0.0,g:0.52,t:99.48,n:0.0","a:0.0,c:1.58,g:0.53,t:97.89,n:0.0","a:0.0,c:0.0,g:0.0,t:100.0,n:0.0","a:0.25,c:0.5,g:0.0,t:99.25,n:0.0"
49,hv69-70,S,B.1.1.7 - UK,Deletion,A,21766,"a:98.98,c:0.51,g:0.0,t:0.0,n:0.51","a:98.71,c:0.81,g:0.19,t:0.29,n:0.0","a:99.19,c:0.81,g:0.0,t:0.0,n:0.0","a:98.65,c:1.01,g:0.08,t:0.2,n:0.06","a:99.32,c:0.41,g:0.24,t:0.02,n:0.0","a:98.96,c:0.8,g:0.0,t:0.25,n:0.0","a:98.97,c:1.03,g:0.0,t:0.0,n:0.0","a:99.45,c:0.0,g:0.0,t:0.55,n:0.0","a:100.0,c:0.0,g:0.0,t:0.0,n:0.0","a:98.75,c:1.25,g:0.0,t:0.0,n:0.0"
50,hv69-70,S,B.1.1.7 - UK,Deletion,C,21767,"a:0.51,c:98.98,g:0.0,t:0.51,n:0.0","a:2.17,c:97.3,g:0.05,t:0.48,n:0.0","a:1.21,c:98.69,g:0.0,t:0.1,n:0.0","a:1.58,c:98.11,g:0.03,t:0.23,n:0.06","a:0.61,c:99.29,g:0.0,t:0.07,n:0.02","a:1.66,c:98.28,g:0.0,t:0.06,n:0.0","a:1.03,c:98.97,g:0.0,t:0.0,n:0.0","a:1.14,c:98.86,g:0.0,t:0.0,n:0.0","a:1.74,c:97.39,g:0.87,t:0.0,n:0.0","a:0.5,c:99.5,g:0.0,t:0.0,n:0.0"
51,hv69-70,S,B.1.1.7 - UK,Deletion,A,21768,"a:98.98,c:0.0,g:0.51,t:0.51,n:0.0","a:98.55,c:0.87,g:0.14,t:0.43,n:0.0","a:98.99,c:0.3,g:0.2,t:0.5,n:0.0","a:98.87,c:0.51,g:0.2,t:0.37,n:0.06","a:99.29,c:0.22,g:0.17,t:0.32,n:0.0","a:98.83,c:0.74,g:0.25,t:0.18,n:0.0","a:98.97,c:0.52,g:0.52,t:0.0,n:0.0","a:96.69,c:1.66,g:1.1,t:0.55,n:0.0","a:98.26,c:0.87,g:0.0,t:0.87,n:0.0","a:98.75,c:0.75,g:0.25,t:0.25,n:0.0"
52,hv69-70,S,B.1.1.7 - UK,Deletion,T,21769,"a:1.02,c:0.0,g:0.51,t:98.48,n:0.0","a:0.19,c:0.24,g:0.29,t:99.28,n:0.0","a:0.0,c:0.0,g:0.1,t:99.9,n:0.0","a:0.11,c:0.25,g:0.48,t:99.15,n:0.0","a:0.02,c:0.22,g:0.2,t:99.56,n:0.0","a:0.06,c:0.18,g:0.31,t:99.45,n:0.0","a:0.0,c:0.0,g:0.0,t:100.0,n:0.0","a:0.0,c:0.0,g:0.0,t:100.0,n:0.0","a:0.0,c:0.0,g:0.0,t:100.0,n:0.0","a:0.0,c:0.25,g:0.5,t:99.25,n:0.0"
53,hv69-70,S,B.1.1.7 - UK,Deletion,G,21770,"a:0.51,c:0.51,g:96.45,t:2.54,n:0.0","a:0.34,c:0.34,g:95.65,t:3.67,n:0.0","a:0.2,c:0.2,g:96.77,t:2.82,n:0.0","a:0.23,c:0.14,g:96.79,t:2.82,n:0.03","a:0.24,c:0.15,g:98.68,t:0.93,n:0.0","a:0.43,c:0.18,g:95.65,t:3.74,n:0.0","a:0.0,c:0.0,g:98.97,t:1.03,n:0.0","a:4.1,c:5.13,g:86.15,t:4.62,n:0.0","a:0.88,c:0.0,g:98.25,t:0.88,n:0.0","a:0.25,c:0.0,g:97.24,t:2.51,n:0.0"
54,hv69-70,S,Mink cluster 5,Deletion,T,21765,"a:0.0,c:0.0,g:0.0,t:100.0,n:0.0","a:0.38,c:0.0,g:0.19,t:99.43,n:0.0","a:0.2,c:0.1,g:0.1,t:99.6,n:0.0","a:0.14,c:0.11,g:0.14,t:99.55,n:0.06","a:0.17,c:0.2,g:0.12,t:99.51,n:0.0","a:0.31,c:0.12,g:0.06,t:99.51,n:0.0","a:0.0,c:0.0,g:0.52,t:99.48,n:0.0","a:0.0,c:1.58,g:0.53,t:97.89,n:0.0","a:0.0,c:0.0,g:0.0,t:100.0,n:0.0","a:0.25,c:0.5,g:0.0,t:99.25,n:0.0"
55,hv69-70,S,Mink cluster 5,Deletion,A,21766,"a:98.98,c:0.51,g:0.0,t:0.0,n:0.51","a:98.71,c:0.81,g:0.19,t:0.29,n:0.0","a:99.19,c:0.81,g:0.0,t:0.0,n:0.0","a:98.65,c:1.01,g:0.08,t:0.2,n:0.06","a:99.32,c:0.41,g:0.24,t:0.02,n:0.0","a:98.96,c:0.8,g:0.0,t:0.25,n:0.0","a:98.97,c:1.03,g:0.0,t:0.0,n:0.0","a:99.45,c:0.0,g:0.0,t:0.55,n:0.0","a:100.0,c:0.0,g:0.0,t:0.0,n:0.0","a:98.75,c:1.25,g:0.0,t:0.0,n:0.0"
56,hv69-70,S,Mink cluster 5,Deletion,C,21767,"a:0.51,c:98.98,g:0.0,t:0.51,n:0.0","a:2.17,c:97.3,g:0.05,t:0.48,n:0.0","a:1.21,c:98.69,g:0.0,t:0.1,n:0.0","a:1.58,c:98.11,g:0.03,t:0.23,n:0.06","a:0.61,c:99.29,g:0.0,t:0.07,n:0.02","a:1.66,c:98.28,g:0.0,t:0.06,n:0.0","a:1.03,c:98.97,g:0.0,t:0.0,n:0.0","a:1.14,c:98.86,g:0.0,t:0.0,n:0.0","a:1.74,c:97.39,g:0.87,t:0.0,n:0.0","a:0.5,c:99.5,g:0.0,t:0.0,n:0.0"
57,hv69-70,S,Mink cluster 5,Deletion,A,21768,"a:98.98,c:0.0,g:0.51,t:0.51,n:0.0","a:98.55,c:0.87,g:0.14,t:0.43,n:0.0","a:98.99,c:0.3,g:0.2,t:0.5,n:0.0","a:98.87,c:0.51,g:0.2,t:0.37,n:0.06","a:99.29,c:0.22,g:0.17,t:0.32,n:0.0","a:98.83,c:0.74,g:0.25,t:0.18,n:0.0","a:98.97,c:0.52,g:0.52,t:0.0,n:0.0","a:96.69,c:1.66,g:1.1,t:0.55,n:0.0","a:98.26,c:0.87,g:0.0,t:0.87,n:0.0","a:98.75,c:0.75,g:0.25,t:0.25,n:0.0"
58,hv69-70,S,Mink cluster 5,Deletion,T,21769,"a:1.02,c:0.0,g:0.51,t:98.48,n:0.0","a:0.19,c:0.24,g:0.29,t:99.28,n:0.0","a:0.0,c:0.0,g:0.1,t:99.9,n:0.0","a:0.11,c:0.25,g:0.48,t:99.15,n:0.0","a:0.02,c:0.22,g:0.2,t:99.56,n:0.0","a:0.06,c:0.18,g:0.31,t:99.45,n:0.0","a:0.0,c:0.0,g:0.0,t:100.0,n:0.0","a:0.0,c:0.0,g:0.0,t:100.0,n:0.0","a:0.0,c:0.0,g:0.0,t:100.0,n:0.0","a:0.0,c:0.25,g:0.5,t:99.25,n:0.0"
59,hv69-70,S,Mink cluster 5,Deletion,G,21770,"a:0.51,c:0.51,g:96.45,t:2.54,n:0.0","a:0.34,c:0.34,g:95.65,t:3.67,n:0.0","a:0.2,c:0.2,g:96.77,t:2.82,n:0.0","a:0.23,c:0.14,g:96.79,t:2.82,n:0.03","a:0.24,c:0.15,g:98.68,t:0.93,n:0.0","a:0.43,c:0.18,g:95.65,t:3.74,n:0.0","a:0.0,c:0.0,g:98.97,t:1.03,n:0.0","a:4.1,c:5.13,g:86.15,t:4.62,n:0.0","a:0.88,c:0.0,g:98.25,t:0.88,n:0.0","a:0.25,c:0.0,g:97.24,t:2.51,n:0.0"
60,D80A,S,B.1.351 - SA,non -Synonymous,A,21801,"a:97.86,c:1.43,g:0.0,t:0.71,n:0.0","a:96.59,c:1.33,g:0.17,t:1.91,n:0.0","a:97.6,c:1.27,g:0.14,t:0.99,n:0.0","a:97.2,c:1.17,g:0.12,t:1.52,n:0.0","a:98.75,c:0.69,g:0.14,t:0.42,n:0.0","a:97.3,c:1.08,g:0.07,t:1.55,n:0.0","a:95.45,c:2.73,g:0.0,t:1.82,n:0.0","a:97.61,c:0.42,g:0.14,t:1.83,n:0.0","a:97.4,c:1.3,g:0.0,t:1.3,n:0.0","a:97.18,c:0.0,g:0.0,t:2.82,n:0.0"
61,D138Y,S,P.1 - Manaus,Synonymous,G,21974,"a:0.11,c:0.02,g:99.76,t:0.1,n:0.0","a:0.45,c:0.09,g:99.23,t:0.24,n:0.0","a:0.26,c:0.0,g:99.62,t:0.11,n:0.0","a:0.25,c:0.02,g:99.51,t:0.21,n:0.02","a:0.18,c:0.0,g:99.62,t:0.2,n:0.0","a:0.53,c:0.0,g:99.3,t:0.16,n:0.0","a:0.2,c:0.05,g:99.5,t:0.25,n:0.0","a:0.05,c:0.05,g:99.53,t:0.36,n:0.0","a:0.07,c:0.07,g:99.52,t:0.34,n:0.0","a:0.08,c:0.03,g:99.7,t:0.19,n:0.0"
62,Y144,S,B.1.1.7 - UK,Deletion,T,21991,"a:0.03,c:0.03,g:0.08,t:99.85,n:0.01","a:0.12,c:0.18,g:0.34,t:99.35,n:0.0","a:0.0,c:0.16,g:0.08,t:99.75,n:0.0","a:0.02,c:0.18,g:0.43,t:99.34,n:0.02","a:0.05,c:0.08,g:0.2,t:99.67,n:0.0","a:0.04,c:0.17,g:0.38,t:99.41,n:0.0","a:0.0,c:0.0,g:0.12,t:99.88,n:0.0","a:0.0,c:0.0,g:0.0,t:99.89,n:0.11","a:0.03,c:0.0,g:0.07,t:99.9,n:0.0","a:0.0,c:0.15,g:0.09,t:99.75,n:0.0"
63,Y144,S,B.1.1.7 - UK,Deletion,T,21992,"a:0.01,c:0.03,g:0.13,t:99.83,n:0.0","a:0.0,c:0.12,g:1.42,t:98.46,n:0.0","a:0.0,c:0.0,g:0.53,t:99.47,n:0.0","a:0.02,c:0.08,g:1.12,t:98.76,n:0.02","a:0.04,c:0.04,g:0.36,t:99.56,n:0.01","a:0.08,c:0.0,g:1.22,t:98.7,n:0.0","a:0.0,c:0.0,g:0.36,t:99.64,n:0.0","a:0.0,c:0.0,g:0.44,t:99.45,n:0.11","a:0.0,c:0.0,g:0.17,t:99.83,n:0.0","a:0.0,c:0.03,g:0.09,t:99.88,n:0.0"
64,Y144,S,B.1.1.7 - UK,Deletion,A,21993,"a:98.56,c:0.72,g:0.0,t:0.72,n:0.0","a:99.55,c:0.15,g:0.11,t:0.19,n:0.0","a:99.67,c:0.22,g:0.0,t:0.11,n:0.0","a:99.55,c:0.24,g:0.02,t:0.17,n:0.02","a:99.5,c:0.11,g:0.05,t:0.27,n:0.06","a:99.72,c:0.14,g:0.0,t:0.14,n:0.0","a:99.75,c:0.25,g:0.0,t:0.0,n:0.0","a:92.73,c:0.69,g:2.77,t:3.46,n:0.35","a:99.53,c:0.0,g:0.0,t:0.47,n:0.0","a:99.19,c:0.54,g:0.27,t:0.0,n:0.0"
65,W182C,S,B.1.429- California,non -Synonymous,G,22018,"a:2.64,c:2.35,g:93.84,t:1.17,n:0.0","a:1.44,c:0.76,g:97.65,t:0.15,n:0.0","a:1.65,c:0.83,g:97.05,t:0.47,n:0.0","a:1.07,c:0.81,g:97.82,t:0.28,n:0.03","a:1.2,c:0.46,g:97.98,t:0.37,n:0.0","a:1.83,c:0.72,g:97.26,t:0.19,n:0.0","a:0.74,c:0.42,g:98.74,t:0.11,n:0.0","a:1.1,c:0.55,g:98.08,t:0.27,n:0.0","a:0.0,c:0.87,g:98.7,t:0.43,n:0.0","a:0.49,c:0.98,g:97.06,t:1.47,n:0.0"
66,R190S,S,P.1 - Manaus,non -Synonymous,G,22132,"a:0.0,c:0.0,g:85.71,t:14.29,n:0.0","a:0.54,c:0.0,g:89.59,t:9.87,n:0.0","a:0.0,c:0.0,g:92.31,t:7.69,n:0.0","a:0.36,c:0.0,g:92.78,t:6.86,n:0.0","a:0.0,c:1.09,g:92.39,t:6.52,n:0.0","a:0.24,c:0.24,g:91.89,t:7.4,n:0.24","a:0.0,c:0.0,g:92.31,t:7.69,n:0.0","a:0.7,c:0.0,g:96.52,t:2.44,n:0.35","a:0.0,c:0.0,g:72.73,t:27.27,n:0.0","a:0.0,c:0.0,g:89.86,t:10.14,n:0.0"
67,242-244,S,B.1.351 - SA,Deletion,C,22286,"a:0.0,c:100.0,g:0.0,t:0.0,n:0.0","a:0.19,c:99.62,g:0.1,t:0.1,n:0.0","a:0.69,c:99.31,g:0.0,t:0.0,n:0.0","a:0.0,c:99.84,g:0.11,t:0.05,n:0.0","a:0.1,c:99.9,g:0.0,t:0.0,n:0.0","a:0.0,c:99.89,g:0.0,t:0.11,n:0.0","a:0.4,c:99.6,g:0.0,t:0.0,n:0.0","a:0.0,c:100.0,g:0.0,t:0.0,n:0.0","a:0.0,c:100.0,g:0.0,t:0.0,n:0.0","a:0.0,c:100.0,g:0.0,t:0.0,n:0.0"
68,242-244,S,B.1.351 - SA,Deletion,T,22287,"a:0.0,c:0.0,g:0.16,t:99.68,n:0.16","a:0.1,c:0.0,g:0.86,t:98.08,n:0.96","a:0.34,c:0.34,g:0.69,t:97.93,n:0.69","a:0.05,c:0.11,g:0.81,t:98.17,n:0.86","a:0.03,c:0.13,g:0.88,t:97.66,n:1.3","a:0.11,c:0.11,g:0.91,t:98.53,n:0.34","a:0.0,c:0.0,g:1.19,t:95.65,n:3.16","a:0.0,c:0.0,g:0.52,t:98.96,n:0.52","a:0.0,c:0.0,g:0.9,t:98.2,n:0.9","a:0.0,c:0.71,g:0.71,t:97.14,n:1.43"
69,242-244,S,B.1.351 - SA,Deletion,T,22288,"a:0.0,c:0.0,g:0.16,t:99.84,n:0.0","a:0.0,c:0.0,g:0.19,t:99.81,n:0.0","a:0.0,c:0.0,g:0.34,t:99.66,n:0.0","a:0.0,c:0.05,g:0.05,t:99.89,n:0.0","a:0.0,c:0.18,g:0.1,t:99.71,n:0.0","a:0.0,c:0.34,g:0.23,t:99.43,n:0.0","a:0.0,c:0.0,g:0.0,t:100.0,n:0.0","a:0.0,c:0.0,g:0.0,t:100.0,n:0.0","a:0.0,c:0.0,g:0.9,t:99.1,n:0.0","a:0.0,c:0.0,g:0.0,t:100.0,n:0.0"
70,242-244,S,B.1.351 - SA,Deletion,G,22289,"a:0.16,c:0.0,g:99.84,t:0.0,n:0.0","a:0.0,c:0.0,g:99.9,t:0.1,n:0.0","a:0.35,c:0.0,g:99.65,t:0.0,n:0.0","a:0.22,c:0.0,g:99.68,t:0.11,n:0.0","a:0.05,c:0.0,g:99.82,t:0.1,n:0.03","a:0.11,c:0.11,g:99.66,t:0.11,n:0.0","a:0.0,c:0.0,g:100.0,t:0.0,n:0.0","a:0.79,c:0.0,g:99.21,t:0.0,n:0.0","a:0.0,c:0.0,g:100.0,t:0.0,n:0.0","a:0.0,c:0.0,g:100.0,t:0.0,n:0.0"
71,242-244,S,B.1.351 - SA,Deletion,C,22290,"a:0.32,c:99.19,g:0.0,t:0.32,n:0.16","a:0.1,c:99.23,g:0.0,t:0.58,n:0.1","a:0.0,c:99.31,g:0.34,t:0.0,n:0.34","a:0.05,c:99.73,g:0.0,t:0.21,n:0.0","a:0.0,c:99.9,g:0.05,t:0.0,n:0.05","a:0.11,c:99.66,g:0.0,t:0.23,n:0.0","a:0.4,c:98.42,g:1.19,t:0.0,n:0.0","a:0.0,c:99.74,g:0.0,t:0.26,n:0.0","a:0.9,c:99.1,g:0.0,t:0.0,n:0.0","a:0.0,c:100.0,g:0.0,t:0.0,n:0.0"
72,242-244,S,B.1.351 - SA,Deletion,T,22291,"a:0.0,c:0.0,g:1.48,t:97.78,n:0.74","a:0.0,c:0.77,g:1.15,t:97.98,n:0.1","a:0.0,c:0.0,g:2.4,t:96.92,n:0.68","a:0.05,c:0.64,g:0.86,t:98.45,n:0.0","a:0.05,c:0.34,g:0.65,t:98.94,n:0.03","a:0.11,c:0.57,g:1.94,t:97.37,n:0.0","a:0.0,c:0.0,g:0.8,t:99.2,n:0.0","a:0.0,c:0.53,g:2.64,t:96.83,n:0.0","a:0.0,c:1.85,g:0.0,t:98.15,n:0.0","a:0.0,c:0.0,g:0.72,t:99.28,n:0.0"
73,242-244,S,B.1.351 - SA,Deletion,T,22292,"a:0.0,c:0.74,g:2.22,t:97.04,n:0.0","a:0.19,c:0.1,g:0.38,t:99.33,n:0.0","a:0.34,c:0.34,g:0.34,t:98.29,n:0.68","a:0.05,c:0.85,g:0.37,t:98.73,n:0.0","a:0.05,c:0.16,g:0.36,t:99.4,n:0.03","a:0.34,c:0.11,g:0.57,t:98.98,n:0.0","a:0.0,c:0.0,g:0.8,t:99.2,n:0.0","a:0.0,c:0.26,g:0.26,t:99.47,n:0.0","a:0.0,c:1.8,g:0.0,t:98.2,n:0.0","a:0.0,c:0.0,g:0.0,t:100.0,n:0.0"
74,242-244,S,B.1.351 - SA,Deletion,T,22293,"a:0.0,c:0.0,g:1.48,t:98.52,n:0.0","a:0.0,c:0.29,g:0.1,t:99.61,n:0.0","a:0.0,c:0.0,g:0.34,t:99.66,n:0.0","a:0.05,c:0.05,g:0.11,t:99.79,n:0.0","a:0.03,c:0.03,g:0.4,t:99.52,n:0.03","a:0.0,c:0.11,g:0.23,t:99.66,n:0.0","a:0.0,c:0.0,g:0.4,t:99.6,n:0.0","a:0.0,c:0.0,g:0.0,t:100.0,n:0.0","a:0.93,c:0.0,g:0.0,t:99.07,n:0.0","a:0.0,c:0.0,g:0.0,t:100.0,n:0.0"
75,242-244,S,B.1.351 - SA,Deletion,A,22294,"a:100.0,c:0.0,g:0.0,t:0.0,n:0.0","a:99.52,c:0.19,g:0.1,t:0.19,n:0.0","a:99.64,c:0.36,g:0.0,t:0.0,n:0.0","a:99.84,c:0.05,g:0.0,t:0.11,n:0.0","a:99.52,c:0.03,g:0.21,t:0.15,n:0.09","a:99.65,c:0.12,g:0.12,t:0.12,n:0.0","a:99.59,c:0.41,g:0.0,t:0.0,n:0.0","a:99.45,c:0.0,g:0.27,t:0.27,n:0.0","a:100.0,c:0.0,g:0.0,t:0.0,n:0.0","a:99.23,c:0.0,g:0.0,t:0.77,n:0.0"
76,K417T,S,P.1 - Manaus,non -Synonymous,A,22812,"a:99.47,c:0.0,g:0.0,t:0.53,n:0.0","a:99.4,c:0.6,g:0.0,t:0.0,n:0.0","a:99.19,c:0.4,g:0.4,t:0.0,n:0.0","a:99.3,c:0.41,g:0.18,t:0.0,n:0.12","a:99.71,c:0.18,g:0.07,t:0.04,n:0.0","a:98.93,c:0.4,g:0.27,t:0.27,n:0.13","a:99.87,c:0.0,g:0.0,t:0.13,n:0.0","a:99.58,c:0.42,g:0.0,t:0.0,n:0.0","a:100.0,c:0.0,g:0.0,t:0.0,n:0.0","a:98.67,c:1.33,g:0.0,t:0.0,n:0.0"
77,K417N,S,B.1.351 - SA,non -Synonymous,G,22813,"a:0.53,c:0.0,g:98.4,t:1.06,n:0.0","a:0.0,c:0.0,g:99.64,t:0.36,n:0.0","a:0.0,c:0.0,g:100.0,t:0.0,n:0.0","a:0.06,c:0.0,g:99.77,t:0.12,n:0.06","a:0.07,c:0.0,g:99.89,t:0.04,n:0.0","a:0.13,c:0.0,g:99.6,t:0.27,n:0.0","a:0.0,c:0.0,g:100.0,t:0.0,n:0.0","a:0.0,c:0.0,g:100.0,t:0.0,n:0.0","a:0.0,c:0.0,g:100.0,t:0.0,n:0.0","a:0.0,c:0.0,g:100.0,t:0.0,n:0.0"
78,L452R,S,B.1.429- California,non -Synonymous,T,22917,"a:0.0,c:0.0,g:3.64,t:96.36,n:0.0","a:0.0,c:0.32,g:1.28,t:98.4,n:0.0","a:0.0,c:0.0,g:0.49,t:99.51,n:0.0","a:0.0,c:0.23,g:1.48,t:98.29,n:0.0","a:0.0,c:0.42,g:0.83,t:98.75,n:0.0","a:0.0,c:0.34,g:2.07,t:97.59,n:0.0","a:0.0,c:0.0,g:0.0,t:100.0,n:0.0","a:0.0,c:0.0,g:0.0,t:100.0,n:0.0","a:0.0,c:0.0,g:0.0,t:100.0,n:0.0","a:0.0,c:0.0,g:0.0,t:100.0,n:0.0"
79,E484K,S,B.1.351 - SA,non -Synonymous,G,23012,"a:6.25,c:0.0,g:93.75,t:0.0,n:0.0","a:3.02,c:0.0,g:88.94,t:6.53,n:1.51","a:1.33,c:0.0,g:86.67,t:12.0,n:0.0","a:2.89,c:0.21,g:94.02,t:2.27,n:0.62","a:4.55,c:0.0,g:89.39,t:4.55,n:1.52","a:2.37,c:0.0,g:91.47,t:6.16,n:0.0","a:0.0,c:0.0,g:90.0,t:10.0,n:0.0","a:1.54,c:0.0,g:87.69,t:9.23,n:1.54","a:0.0,c:0.0,g:85.71,t:14.29,n:0.0","a:12.5,c:0.0,g:75.0,t:12.5,n:0.0"
80,E484K,S,P.2- Rio de jeneiro,non -Synonymous,G,23012,"a:6.25,c:0.0,g:93.75,t:0.0,n:0.0","a:3.02,c:0.0,g:88.94,t:6.53,n:1.51","a:1.33,c:0.0,g:86.67,t:12.0,n:0.0","a:2.89,c:0.21,g:94.02,t:2.27,n:0.62","a:4.55,c:0.0,g:89.39,t:4.55,n:1.52","a:2.37,c:0.0,g:91.47,t:6.16,n:0.0","a:0.0,c:0.0,g:90.0,t:10.0,n:0.0","a:1.54,c:0.0,g:87.69,t:9.23,n:1.54","a:0.0,c:0.0,g:85.71,t:14.29,n:0.0","a:12.5,c:0.0,g:75.0,t:12.5,n:0.0"
81,E484K,S,P.1 - Manaus,non -Synonymous,G,23012,"a:6.25,c:0.0,g:93.75,t:0.0,n:0.0","a:3.02,c:0.0,g:88.94,t:6.53,n:1.51","a:1.33,c:0.0,g:86.67,t:12.0,n:0.0","a:2.89,c:0.21,g:94.02,t:2.27,n:0.62","a:4.55,c:0.0,g:89.39,t:4.55,n:1.52","a:2.37,c:0.0,g:91.47,t:6.16,n:0.0","a:0.0,c:0.0,g:90.0,t:10.0,n:0.0","a:1.54,c:0.0,g:87.69,t:9.23,n:1.54","a:0.0,c:0.0,g:85.71,t:14.29,n:0.0","a:12.5,c:0.0,g:75.0,t:12.5,n:0.0"
82,N501Y,S,B.1.1.7 - UK,non -Synonymous,A,23063,"a:100.0,c:0.0,g:0.0,t:0.0,n:0.0","a:100.0,c:0.0,g:0.0,t:0.0,n:0.0",None,"a:100.0,c:0.0,g:0.0,t:0.0,n:0.0","a:100.0,c:0.0,g:0.0,t:0.0,n:0.0","a:100.0,c:0.0,g:0.0,t:0.0,n:0.0","a:100.0,c:0.0,g:0.0,t:0.0,n:0.0","a:100.0,c:0.0,g:0.0,t:0.0,n:0.0","a:100.0,c:0.0,g:0.0,t:0.0,n:0.0",None
83,N501Y,S,B.1.351 - SA,non -Synonymous,A,23063,"a:100.0,c:0.0,g:0.0,t:0.0,n:0.0","a:100.0,c:0.0,g:0.0,t:0.0,n:0.0",None,"a:100.0,c:0.0,g:0.0,t:0.0,n:0.0","a:100.0,c:0.0,g:0.0,t:0.0,n:0.0","a:100.0,c:0.0,g:0.0,t:0.0,n:0.0","a:100.0,c:0.0,g:0.0,t:0.0,n:0.0","a:100.0,c:0.0,g:0.0,t:0.0,n:0.0","a:100.0,c:0.0,g:0.0,t:0.0,n:0.0",None
84,N501Y,S,P.1 - Manaus,non -Synonymous,A,23063,"a:100.0,c:0.0,g:0.0,t:0.0,n:0.0","a:100.0,c:0.0,g:0.0,t:0.0,n:0.0",None,"a:100.0,c:0.0,g:0.0,t:0.0,n:0.0","a:100.0,c:0.0,g:0.0,t:0.0,n:0.0","a:100.0,c:0.0,g:0.0,t:0.0,n:0.0","a:100.0,c:0.0,g:0.0,t:0.0,n:0.0","a:100.0,c:0.0,g:0.0,t:0.0,n:0.0","a:100.0,c:0.0,g:0.0,t:0.0,n:0.0",None
85,A570D,S,B.1.1.7 - UK,non -Synonymous,C,23271,"a:5.56,c:91.67,g:0.0,t:2.78,n:0.0","a:0.7,c:98.01,g:0.1,t:1.2,n:0.0","a:0.49,c:98.52,g:0.99,t:0.0,n:0.0","a:0.98,c:97.89,g:0.15,t:0.98,n:0.0","a:2.02,c:96.37,g:0.0,t:1.61,n:0.0","a:0.58,c:98.48,g:0.0,t:0.93,n:0.0","a:0.0,c:91.67,g:0.0,t:8.33,n:0.0","a:74.15,c:24.15,g:0.0,t:1.7,n:0.0","a:3.85,c:96.15,g:0.0,t:0.0,n:0.0","a:2.73,c:97.27,g:0.0,t:0.0,n:0.0"
86,H655Y,S,P.1 - Manaus,non -Synonymous,C,23525,"a:2.33,c:95.35,g:0.0,t:0.0,n:2.33","a:0.76,c:98.48,g:0.0,t:0.76,n:0.0","a:0.6,c:99.4,g:0.0,t:0.0,n:0.0","a:1.18,c:98.5,g:0.21,t:0.11,n:0.0","a:1.17,c:98.45,g:0.1,t:0.29,n:0.0","a:1.5,c:97.74,g:0.0,t:0.75,n:0.0","a:0.0,c:100.0,g:0.0,t:0.0,n:0.0","a:0.7,c:99.3,g:0.0,t:0.0,n:0.0","a:0.0,c:100.0,g:0.0,t:0.0,n:0.0","a:0.0,c:100.0,g:0.0,t:0.0,n:0.0"
87,P681H,S,B.1.1.7 - UK,non -Synonymous,C,23604,"a:0.0,c:94.74,g:0.0,t:5.26,n:0.0","a:1.16,c:96.24,g:0.29,t:2.31,n:0.0","a:0.67,c:98.66,g:0.0,t:0.67,n:0.0","a:0.93,c:97.87,g:0.67,t:0.53,n:0.0","a:0.5,c:98.99,g:0.0,t:0.5,n:0.0","a:2.92,c:95.92,g:0.0,t:1.17,n:0.0","a:5.88,c:94.12,g:0.0,t:0.0,n:0.0","a:82.22,c:12.22,g:2.22,t:3.33,n:0.0","a:0.0,c:100.0,g:0.0,t:0.0,n:0.0","a:2.33,c:97.67,g:0.0,t:0.0,n:0.0"
88,P681H,S,B.1.1.207 - Nigerian mutation,non -synonymous,C,23604,"a:0.0,c:94.74,g:0.0,t:5.26,n:0.0","a:1.16,c:96.24,g:0.29,t:2.31,n:0.0","a:0.67,c:98.66,g:0.0,t:0.67,n:0.0","a:0.93,c:97.87,g:0.67,t:0.53,n:0.0","a:0.5,c:98.99,g:0.0,t:0.5,n:0.0","a:2.92,c:95.92,g:0.0,t:1.17,n:0.0","a:5.88,c:94.12,g:0.0,t:0.0,n:0.0","a:82.22,c:12.22,g:2.22,t:3.33,n:0.0","a:0.0,c:100.0,g:0.0,t:0.0,n:0.0","a:2.33,c:97.67,g:0.0,t:0.0,n:0.0"
89,M1229I,S,Mink cluster 5,,A,23636,"a:90.0,c:10.0,g:0.0,t:0.0,n:0.0","a:97.42,c:2.06,g:0.52,t:0.0,n:0.0","a:98.75,c:0.0,g:0.0,t:1.25,n:0.0","a:97.04,c:0.85,g:1.27,t:0.85,n:0.0","a:98.7,c:0.0,g:0.65,t:0.65,n:0.0","a:99.49,c:0.51,g:0.0,t:0.0,n:0.0","a:100.0,c:0.0,g:0.0,t:0.0,n:0.0","a:92.73,c:3.64,g:3.64,t:0.0,n:0.0","a:100.0,c:0.0,g:0.0,t:0.0,n:0.0","a:100.0,c:0.0,g:0.0,t:0.0,n:0.0"
90,A701V,S,B.1.351 - SA,non -Synonymous,C,23664,"a:0.0,c:100.0,g:0.0,t:0.0,n:0.0","a:0.0,c:97.22,g:1.39,t:1.39,n:0.0","a:2.78,c:94.44,g:0.0,t:2.78,n:0.0","a:0.9,c:96.83,g:0.9,t:1.36,n:0.0","a:0.79,c:98.41,g:0.0,t:0.79,n:0.0","a:1.23,c:97.53,g:0.0,t:1.23,n:0.0","a:0.0,c:100.0,g:0.0,t:0.0,n:0.0","a:0.0,c:100.0,g:0.0,t:0.0,n:0.0","a:0.0,c:100.0,g:0.0,t:0.0,n:0.0","a:0.0,c:100.0,g:0.0,t:0.0,n:0.0"
91,T716I,S,B.1.1.7 - UK,non -Synonymous,C,23709,"a:0.0,c:100.0,g:0.0,t:0.0,n:0.0","a:0.0,c:100.0,g:0.0,t:0.0,n:0.0","a:100.0,c:0.0,g:0.0,t:0.0,n:0.0","a:0.0,c:87.5,g:0.0,t:0.0,n:12.5","a:0.0,c:100.0,g:0.0,t:0.0,n:0.0","a:0.0,c:100.0,g:0.0,t:0.0,n:0.0",None,"a:0.0,c:100.0,g:0.0,t:0.0,n:0.0","a:0.0,c:100.0,g:0.0,t:0.0,n:0.0",None
92,S982A,S,B.1.1.7 - UK,non -Synonymous,T,24506,"a:0.0,c:0.26,g:1.05,t:98.69,n:0.0","a:0.14,c:0.53,g:0.56,t:98.77,n:0.0","a:0.15,c:0.0,g:0.46,t:99.39,n:0.0","a:0.13,c:0.52,g:0.56,t:98.79,n:0.0","a:0.06,c:0.45,g:0.97,t:98.18,n:0.32","a:0.24,c:0.48,g:0.44,t:98.83,n:0.0","a:0.0,c:0.0,g:1.92,t:98.08,n:0.0","a:0.19,c:0.44,g:66.52,t:32.85,n:0.0","a:0.0,c:0.0,g:0.99,t:99.01,n:0.0","a:0.35,c:0.18,g:0.53,t:98.94,n:0.0"
93,T1027I,S,P.1 - Manaus,non -Synonymous,C,24642,"a:0.0,c:100.0,g:0.0,t:0.0,n:0.0","a:0.0,c:100.0,g:0.0,t:0.0,n:0.0","a:0.0,c:100.0,g:0.0,t:0.0,n:0.0","a:0.0,c:100.0,g:0.0,t:0.0,n:0.0","a:0.0,c:97.83,g:2.17,t:0.0,n:0.0","a:0.0,c:100.0,g:0.0,t:0.0,n:0.0","a:0.0,c:100.0,g:0.0,t:0.0,n:0.0","a:0.0,c:100.0,g:0.0,t:0.0,n:0.0","a:0.0,c:100.0,g:0.0,t:0.0,n:0.0","a:0.0,c:100.0,g:0.0,t:0.0,n:0.0"
94,D1118H,S,B.1.1.7 - UK,non -Synonymous,G,24914,"a:16.67,c:0.0,g:66.67,t:16.67,n:0.0","a:9.15,c:1.83,g:84.76,t:4.27,n:0.0","a:6.49,c:0.0,g:90.91,t:2.6,n:0.0","a:9.52,c:0.0,g:90.48,t:0.0,n:0.0","a:10.87,c:1.09,g:86.96,t:1.09,n:0.0","a:10.12,c:1.19,g:86.31,t:2.38,n:0.0","a:21.43,c:0.0,g:71.43,t:7.14,n:0.0","a:4.26,c:87.23,g:8.51,t:0.0,n:0.0","a:0.0,c:0.0,g:100.0,t:0.0,n:0.0","a:4.76,c:0.0,g:95.24,t:0.0,n:0.0"
95,S1692V,S,Mink cluster 5,,G,25249,"a:0.0,c:0.0,g:100.0,t:0.0,n:0.0","a:0.0,c:0.0,g:100.0,t:0.0,n:0.0","a:0.0,c:0.0,g:100.0,t:0.0,n:0.0","a:0.0,c:0.0,g:100.0,t:0.0,n:0.0","a:0.0,c:0.0,g:100.0,t:0.0,n:0.0","a:0.0,c:0.0,g:100.0,t:0.0,n:0.0","a:0.0,c:0.0,g:100.0,t:0.0,n:0.0","a:0.0,c:0.0,g:100.0,t:0.0,n:0.0","a:0.0,c:0.0,g:100.0,t:0.0,n:0.0","a:0.0,c:0.0,g:100.0,t:0.0,n:0.0"
96,Q57H,ORF3a,B.1.351 - SA,non -Synonymous,G,25563,"a:0.0,c:0.76,g:49.24,t:50.0,n:0.0","a:0.21,c:0.1,g:15.93,t:83.76,n:0.0","a:0.0,c:0.0,g:15.47,t:84.53,n:0.0","a:0.0,c:0.0,g:94.74,t:5.26,n:0.0","a:0.04,c:0.04,g:94.38,t:5.49,n:0.04","a:0.06,c:0.0,g:93.99,t:5.94,n:0.0","a:0.2,c:0.0,g:94.66,t:5.14,n:0.0","a:0.0,c:0.0,g:91.94,t:8.06,n:0.0","a:0.0,c:0.0,g:61.76,t:38.24,n:0.0","a:0.0,c:0.0,g:85.0,t:15.0,n:0.0"
97,S171L,ORF3a,B.1.351 - SA,non -Synonymous,C,25904,"a:0.32,c:98.42,g:0.0,t:1.27,n:0.0","a:0.11,c:98.62,g:0.0,t:1.27,n:0.0","a:0.29,c:97.98,g:0.0,t:1.73,n:0.0","a:0.17,c:63.79,g:0.21,t:35.84,n:0.0","a:0.0,c:99.25,g:0.15,t:0.6,n:0.0","a:0.29,c:99.05,g:0.07,t:0.58,n:0.0","a:0.0,c:100.0,g:0.0,t:0.0,n:0.0","a:0.0,c:100.0,g:0.0,t:0.0,n:0.0","a:0.29,c:98.53,g:0.0,t:1.18,n:0.0","a:0.0,c:99.59,g:0.0,t:0.41,n:0.0"
98,c26004t,,Mink cluster 5,,C,26004,"a:0.0,c:100.0,g:0.0,t:0.0,n:0.0","a:0.69,c:99.31,g:0.0,t:0.0,n:0.0","a:0.0,c:100.0,g:0.0,t:0.0,n:0.0","a:0.43,c:99.14,g:0.07,t:0.36,n:0.0","a:0.0,c:100.0,g:0.0,t:0.0,n:0.0","a:0.42,c:99.16,g:0.28,t:0.14,n:0.0","a:0.0,c:100.0,g:0.0,t:0.0,n:0.0","a:0.0,c:99.05,g:0.48,t:0.48,n:0.0","a:0.0,c:100.0,g:0.0,t:0.0,n:0.0","a:1.1,c:98.9,g:0.0,t:0.0,n:0.0"
99,P71L,E,B.1.351 - SA,non -Synonymous,C,26456,None,None,"a:0.0,c:100.0,g:0.0,t:0.0,n:0.0","a:0.0,c:100.0,g:0.0,t:0.0,n:0.0","a:0.0,c:100.0,g:0.0,t:0.0,n:0.0","a:0.0,c:100.0,g:0.0,t:0.0,n:0.0","a:0.0,c:100.0,g:0.0,t:0.0,n:0.0",None,"a:0.0,c:100.0,g:0.0,t:0.0,n:0.0",None
100,Q27,ORF8,B.1.1.7 - UK,Stop codon,C,27972,"a:2.63,c:89.47,g:0.0,t:7.89,n:0.0","a:1.47,c:96.09,g:0.24,t:2.2,n:0.0","a:0.0,c:96.75,g:0.65,t:2.6,n:0.0","a:1.22,c:97.31,g:0.0,t:1.47,n:0.0","a:0.47,c:98.1,g:0.47,t:0.95,n:0.0","a:0.0,c:100.0,g:0.0,t:0.0,n:0.0","a:0.0,c:100.0,g:0.0,t:0.0,n:0.0","a:0.59,c:21.76,g:5.29,t:72.35,n:0.0","a:0.0,c:100.0,g:0.0,t:0.0,n:0.0","a:0.0,c:96.77,g:1.61,t:1.61,n:0.0"
101,R52I,ORF8,B.1.1.7 - UK,non -Synonymous,G,28048,"a:0.0,c:0.0,g:100.0,t:0.0,n:0.0","a:0.0,c:4.88,g:65.85,t:0.0,n:29.27","a:0.0,c:7.14,g:64.29,t:0.0,n:28.57","a:0.0,c:3.82,g:57.25,t:0.0,n:38.93","a:0.71,c:0.36,g:94.64,t:0.0,n:4.29","a:0.0,c:0.0,g:80.0,t:0.0,n:20.0","a:0.0,c:0.0,g:66.67,t:0.0,n:33.33","a:0.0,c:5.88,g:29.41,t:23.53,n:41.18","a:0.0,c:0.0,g:100.0,t:0.0,n:0.0","a:0.0,c:0.0,g:90.38,t:0.0,n:9.62"
102,Y73C,ORF8,B.1.1.7 - UK,non -Synonymous,A,28111,"a:97.22,c:0.46,g:1.85,t:0.46,n:0.0","a:99.46,c:0.0,g:0.49,t:0.0,n:0.05","a:98.57,c:0.0,g:0.82,t:0.0,n:0.61","a:99.44,c:0.16,g:0.35,t:0.05,n:0.0","a:99.51,c:0.09,g:0.27,t:0.07,n:0.05","a:97.59,c:0.69,g:1.72,t:0.0,n:0.0","a:100.0,c:0.0,g:0.0,t:0.0,n:0.0","a:28.74,c:0.23,g:70.56,t:0.35,n:0.12","a:98.65,c:0.0,g:1.35,t:0.0,n:0.0","a:99.69,c:0.0,g:0.31,t:0.0,n:0.0"
103,E92K,ORF8,P.1 - Manaus,non -Synonymous,G,28167,"a:0.0,c:0.0,g:99.44,t:0.56,n:0.0","a:0.24,c:0.0,g:99.08,t:0.68,n:0.0","a:1.27,c:0.0,g:98.1,t:0.63,n:0.0","a:0.16,c:0.14,g:98.92,t:0.66,n:0.12","a:0.16,c:0.08,g:99.01,t:0.74,n:0.0","a:0.0,c:0.0,g:98.18,t:1.82,n:0.0","a:0.0,c:0.0,g:99.32,t:0.68,n:0.0","a:0.72,c:0.24,g:98.69,t:0.36,n:0.0","a:0.0,c:0.0,g:99.21,t:0.79,n:0.0","a:0.32,c:0.0,g:99.36,t:0.32,n:0.0"
104,t28196c,,Australian 501 variant,,T,28196,"a:0.0,c:0.0,g:2.94,t:97.06,n:0.0","a:0.0,c:0.35,g:0.69,t:98.53,n:0.43","a:0.0,c:0.53,g:1.07,t:98.4,n:0.0","a:0.0,c:0.14,g:0.42,t:99.44,n:0.0","a:0.0,c:1.05,g:0.45,t:98.35,n:0.15","a:0.0,c:0.47,g:0.47,t:99.07,n:0.0","a:0.0,c:0.0,g:0.85,t:95.73,n:3.42","a:0.39,c:0.19,g:0.39,t:99.03,n:0.0","a:0.0,c:0.0,g:0.0,t:100.0,n:0.0","a:0.0,c:0.0,g:1.63,t:98.37,n:0.0"
105,F120 ,ORF8,P.2- Rio de jeneiro,Synonymous,C,28253,"a:1.96,c:96.08,g:0.0,t:1.96,n:0.0","a:1.44,c:95.27,g:0.41,t:2.88,n:0.0","a:1.27,c:96.18,g:0.0,t:2.55,n:0.0","a:0.86,c:95.47,g:0.81,t:2.69,n:0.16","a:1.28,c:93.35,g:1.79,t:3.58,n:0.0","a:0.5,c:95.98,g:1.01,t:2.51,n:0.0","a:1.72,c:94.83,g:0.0,t:3.45,n:0.0","a:0.9,c:95.02,g:0.68,t:3.39,n:0.0","a:0.0,c:92.5,g:2.5,t:5.0,n:0.0","a:0.0,c:94.74,g:1.75,t:3.51,n:0.0"
106,insertion28269-28273,ORF8,P.1 - Manaus,Insertion,-,28269,"a:0.96,c:97.61,g:0.0,t:1.44,n:0.0","a:0.26,c:99.21,g:0.0,t:0.5,n:0.03","a:1.0,c:98.5,g:0.0,t:0.5,n:0.0","a:0.37,c:99.12,g:0.04,t:0.46,n:0.01","a:0.33,c:99.49,g:0.05,t:0.13,n:0.0","a:0.45,c:99.37,g:0.01,t:0.16,n:0.0","a:0.38,c:99.52,g:0.0,t:0.1,n:0.0","a:0.13,c:99.66,g:0.0,t:0.21,n:0.0","a:0.0,c:100.0,g:0.0,t:0.0,n:0.0","a:0.56,c:99.07,g:0.19,t:0.19,n:0.0"
107,insertion28269-28273,ORF8,P.1 - Manaus,Insertion,-,28270,"a:0.72,c:0.72,g:0.97,t:97.58,n:0.0","a:2.02,c:0.74,g:1.63,t:95.58,n:0.03","a:2.36,c:1.01,g:1.01,t:95.29,n:0.34","a:1.61,c:0.54,g:1.42,t:96.41,n:0.03","a:0.65,c:0.2,g:0.41,t:98.74,n:0.0","a:0.34,c:0.19,g:0.46,t:99.01,n:0.0","a:0.39,c:0.15,g:0.49,t:98.98,n:0.0","a:0.39,c:0.04,g:0.26,t:99.3,n:0.0","a:0.62,c:0.31,g:0.62,t:98.44,n:0.0","a:1.12,c:0.56,g:0.93,t:97.4,n:0.0"
108,insertion28269-28273,ORF8,P.1 - Manaus,Insertion,-,28271,"a:98.3,c:0.97,g:0.0,t:0.73,n:0.0","a:98.9,c:0.27,g:0.36,t:0.45,n:0.03","a:98.65,c:0.68,g:0.17,t:0.51,n:0.0","a:99.06,c:0.33,g:0.22,t:0.4,n:0.0","a:99.57,c:0.28,g:0.09,t:0.07,n:0.0","a:99.56,c:0.34,g:0.06,t:0.04,n:0.0","a:99.71,c:0.19,g:0.05,t:0.05,n:0.0","a:98.57,c:0.29,g:0.72,t:0.43,n:0.0","a:99.37,c:0.31,g:0.0,t:0.31,n:0.0","a:99.63,c:0.19,g:0.19,t:0.0,n:0.0"
109,insertion28269-28273,ORF8,P.1 - Manaus,Insertion,-,28272,"a:100.0,c:0.0,g:0.0,t:0.0,n:0.0","a:99.29,c:0.33,g:0.15,t:0.24,n:0.0","a:99.33,c:0.34,g:0.0,t:0.34,n:0.0","a:99.29,c:0.26,g:0.19,t:0.22,n:0.04","a:99.62,c:0.2,g:0.1,t:0.08,n:0.0","a:99.55,c:0.28,g:0.14,t:0.04,n:0.0","a:99.66,c:0.19,g:0.0,t:0.15,n:0.0","a:99.83,c:0.04,g:0.04,t:0.09,n:0.0","a:99.69,c:0.31,g:0.0,t:0.0,n:0.0","a:99.44,c:0.19,g:0.19,t:0.19,n:0.0"
110,D3L,N,B.1.1.7 - UK,non -Synonymous,G,28280,"a:0.0,c:0.74,g:98.77,t:0.49,n:0.0","a:0.37,c:0.43,g:98.27,t:0.86,n:0.06","a:0.52,c:0.52,g:98.43,t:0.52,n:0.0","a:0.28,c:0.27,g:98.83,t:0.62,n:0.0","a:0.12,c:0.26,g:99.41,t:0.16,n:0.05","a:0.14,c:0.2,g:99.56,t:0.1,n:0.0","a:0.15,c:0.34,g:99.37,t:0.15,n:0.0","a:0.42,c:74.28,g:25.16,t:0.14,n:0.0","a:0.63,c:0.63,g:98.73,t:0.0,n:0.0","a:0.0,c:0.57,g:99.43,t:0.0,n:0.0"
111,P80R,N,P.1 - Manaus,non -Synonymous,C,28512,"a:0.0,c:100.0,g:0.0,t:0.0,n:0.0","a:2.07,c:97.51,g:0.0,t:0.41,n:0.0","a:1.49,c:97.76,g:0.0,t:0.75,n:0.0","a:2.97,c:97.03,g:0.0,t:0.0,n:0.0","a:1.55,c:96.9,g:0.0,t:0.0,n:1.55","a:2.14,c:97.86,g:0.0,t:0.0,n:0.0","a:0.0,c:100.0,g:0.0,t:0.0,n:0.0","a:2.96,c:96.45,g:0.0,t:0.59,n:0.0","a:0.0,c:100.0,g:0.0,t:0.0,n:0.0","a:0.0,c:100.0,g:0.0,t:0.0,n:0.0"
112,A119S,N,P.2- Rio de jeneiro,non -Synonymous,G,28628,"a:0.0,c:4.55,g:90.91,t:0.0,n:4.55","a:2.56,c:0.0,g:87.18,t:2.56,n:7.69","a:3.57,c:0.0,g:78.57,t:0.0,n:17.86","a:1.18,c:1.18,g:74.12,t:5.88,n:17.65","a:0.34,c:0.0,g:99.32,t:0.34,n:0.0","a:0.0,c:1.09,g:91.3,t:3.26,n:4.35","a:0.0,c:0.0,g:100.0,t:0.0,n:0.0","a:0.0,c:0.0,g:89.66,t:3.45,n:6.9","a:0.0,c:0.0,g:100.0,t:0.0,n:0.0","a:0.0,c:0.0,g:83.33,t:8.33,n:8.33"
113,T205I,N,B.1.351 - SA,non -Synonymous,C,28887,"a:0.0,c:100.0,g:0.0,t:0.0,n:0.0","a:1.6,c:97.6,g:0.0,t:0.8,n:0.0","a:0.0,c:95.83,g:0.0,t:4.17,n:0.0","a:0.47,c:99.53,g:0.0,t:0.0,n:0.0","a:0.0,c:100.0,g:0.0,t:0.0,n:0.0","a:0.0,c:100.0,g:0.0,t:0.0,n:0.0","a:0.0,c:100.0,g:0.0,t:0.0,n:0.0","a:0.0,c:96.77,g:0.0,t:3.23,n:0.0","a:0.0,c:100.0,g:0.0,t:0.0,n:0.0","a:0.0,c:100.0,g:0.0,t:0.0,n:0.0"
114,M234I,N,P.2- Rio de jeneiro,non -Synonymous,G,28975,"a:0.0,c:0.0,g:98.15,t:1.85,n:0.0","a:0.0,c:0.0,g:100.0,t:0.0,n:0.0","a:0.0,c:0.0,g:98.9,t:1.1,n:0.0","a:0.0,c:0.0,g:99.72,t:0.28,n:0.0","a:0.0,c:0.0,g:100.0,t:0.0,n:0.0","a:0.0,c:0.0,g:99.66,t:0.34,n:0.0","a:0.0,c:1.28,g:97.44,t:1.28,n:0.0","a:0.55,c:0.0,g:98.34,t:0.55,n:0.55","a:0.0,c:0.0,g:95.83,t:2.08,n:2.08","a:0.0,c:0.0,g:100.0,t:0.0,n:0.0"
115,S235F,N,B.1.1.7 - UK,non -Synonymous,C,28977,"a:0.0,c:96.3,g:3.7,t:0.0,n:0.0","a:0.31,c:99.37,g:0.0,t:0.31,n:0.0","a:0.0,c:100.0,g:0.0,t:0.0,n:0.0","a:0.09,c:99.54,g:0.19,t:0.19,n:0.0","a:0.0,c:99.61,g:0.19,t:0.19,n:0.0","a:0.0,c:99.83,g:0.0,t:0.17,n:0.0","a:1.28,c:98.72,g:0.0,t:0.0,n:0.0","a:0.0,c:17.22,g:0.0,t:82.78,n:0.0","a:4.26,c:93.62,g:2.13,t:0.0,n:0.0","a:0.0,c:99.04,g:0.0,t:0.0,n:0.96"
116,c29754u,3' UTR,P.2- Rio de jeneiro,Non  ORF sub,C,29754,"a:0.0,c:86.67,g:0.0,t:0.0,n:13.33","a:2.94,c:67.65,g:5.88,t:0.0,n:23.53","a:0.0,c:88.89,g:0.0,t:0.0,n:11.11","a:1.92,c:76.92,g:0.96,t:0.0,n:20.19","a:1.47,c:80.88,g:0.0,t:0.0,n:17.65","a:1.46,c:81.02,g:0.73,t:0.0,n:16.79","a:0.0,c:100.0,g:0.0,t:0.0,n:0.0","a:0.0,c:85.71,g:0.0,t:0.0,n:14.29","a:0.0,c:100.0,g:0.0,t:0.0,n:0.0","a:0.0,c:88.89,g:0.0,t:0.0,n:11.11"
