nt mutation,aa mutation,mut,gene,nt_start_on_genome,treatment
T13937C,V166A,A,NSP12,13936,Remdesivir
A14033G,N198S,S,NSP12,14032,Remdesivir
A14032T,N198S,S,NSP12,14032,Remdesivir
T15715G,S759A,A,NSP12,15715,Remdesivir
G15814A,V792I,I,NSP12,15814,Remdesivir
G15836T,C799F,F,NSP12,15835,Remdesivir
T15835A,C799R,R,NSP12,15835,Remdesivir
T15835C,C799R,R,NSP12,15835,Remdesivir
G15846C,E802D,D,NSP12,15844,Remdesivir
G15846T,E802D,D,NSP12,15844,Remdesivir
G15814A,V792I,I,NSP12,15814,Remdesivir
G13936C,V166L,L,NSP12,13936,Remdesivir
G13936T,V166L,L,NSP12,13936,Remdesivir
A15046G,I536V,V,NSP12,15046,Remdesivir
A10552T,E166V,V,NSP5,10550,Nirmaltrevir
A10552T+C10203T,E166V,V,NSP5,10550,Nirmaltrevir
A10552T+C10117T,E166V,V,NSP5,10550,Nirmaltrevir
A10552T+C10203T,L50F,F,NSP5,10202,Nirmaltrevir
A10552T+C10117T,T21I,I,NSP5,10115,Nirmaltrevir
T10485A,S144M,M,NSP5,10484,Nirmaltrevir
C10486T,S144F,F,NSP5,10484,Nirmaltrevir
T10485G,S144A,A,NSP5,10484,Nirmaltrevir
T10485G,S144G,G,NSP5,10484,Nirmaltrevir
C10486A,S144Y,Y,NSP5,10484,Nirmaltrevir
T10549C,M165T,T,NSP5,10547,Nirmaltrevir
G10551C,E166Q,Q,NSP5,10550,Nirmaltrevir
T10571A,H172Q,Q,NSP5,10568,Nirmaltrevir
T10571G,H172Q,Q,NSP5,10568,Nirmaltrevir
C10569T,H172F,F,NSP5,10568,Nirmaltrevir
C10629A,Q192T,T,NSP5,10628,Nirmaltrevir
C10629A,Q192S,S,NSP5,10628,Nirmaltrevir
C10629G,Q192V,V,NSP5,10628,Nirmaltrevir
A10479C,N142L,L,NSP5,10478,Nirmaltrevir
G10551A,E166M,M,NSP5,10550,Nirmaltrevir
C10620G,Q189E,E,NSP5,10619,Nirmaltrevir
C10620A,Q189I,I,NSP5,10619,Nirmaltrevir
G10482A,G143S,S,NSP5,10481,Nirmaltrevir
C10620A,Q189K,K,NSP5,10619,Nirmaltrevir
G10202A,M49I,I,NSP5,10199,Nirmaltrevir
G10202T,M49I,I,NSP5,10199,Nirmaltrevir
G10202C,M49I,I,NSP5,10199,Nirmaltrevir
G10611T,V186F,F,NSP5,10610,Nirmaltrevir
G10618A,R188K,K,NSP5,10616,Nirmaltrevir
C10624T,T190I,I,NSP5,10622,Nirmaltrevir
C10627T,A191V,V,NSP5,10625,Nirmaltrevir
C10203T,L50F,F,NSP5,10202,Nirmaltrevir
A10552C,E166A,A,NSP5,10550,Nirmaltrevir
A10556C,L167F,F,NSP5,10553,Nirmaltrevir
A10556T,L167F,F,NSP5,10553,Nirmaltrevir
T10549C,M165T,T,NSP5,10547,Nirmaltrevir
A10552G,E166G,G,NSP5,10550,Nirmaltrevir
T10571A,H172Q,Q,NSP5,10568,Nirmaltrevir
T10571G,H172Q,Q,NSP5,10568,Nirmaltrevir
C10569T,H172F,F,NSP5,10568,Nirmaltrevir
C10629A,Q192S,S,NSP5,10628,Nirmaltrevir
C10629T,Q192S,S,NSP5,10628,Nirmaltrevir
A10630T,Q192L,L,NSP5,10628,Nirmaltrevir
C10629G,Q192A,A,NSP5,10628,Nirmaltrevir
A10630T,Q192I,I,NSP5,10628,Nirmaltrevir
A10630C,Q192P,P,NSP5,10628,Nirmaltrevir
A10631C,Q192H,H,NSP5,10628,Nirmaltrevir
A10631T,Q192H,H,NSP5,10628,Nirmaltrevir
C10629T,Q192W,W,NSP5,10628,Nirmaltrevir
A10630T,Q192V,V,NSP5,10628,Nirmaltrevir
C10629T,Q192C,C,NSP5,10628,Nirmaltrevir
C10629T,Q192F,F,NSP5,10628,Nirmaltrevir
G15814A,V792I,I,test,12428,test
